-- Volcando estructura de base de datos para db_inventory
CREATE DATABASE IF NOT EXISTS `db_clinical_lab` /*!40100 DEFAULT CHARACTER SET utf8mb4 COLLATE utf8mb4_0900_ai_ci */ /*!80016 DEFAULT ENCRYPTION='N' */;
USE `db_clinical_lab`;

-- Volcando estructura para tabla db_inventory.branches
CREATE TABLE IF NOT EXISTS `branches` (
  `id` int unsigned NOT NULL AUTO_INCREMENT,
  `branch_name` varchar(191) CHARACTER SET utf8mb4 COLLATE utf8mb4_unicode_ci NOT NULL,
  `created_at` timestamp NULL DEFAULT NULL,
  `updated_at` timestamp NULL DEFAULT NULL,
  PRIMARY KEY (`id`)
) ENGINE=InnoDB DEFAULT CHARSET=utf8mb4 COLLATE=utf8mb4_unicode_ci;


-- Volcando estructura para tabla db_inventory.roles
CREATE TABLE IF NOT EXISTS `roles` (
  `id` int unsigned NOT NULL AUTO_INCREMENT,
  `role_name` varchar(191) CHARACTER SET utf8mb4 COLLATE utf8mb4_unicode_ci NOT NULL,
  `created_at` timestamp NULL DEFAULT NULL,
  `updated_at` timestamp NULL DEFAULT NULL,
  PRIMARY KEY (`id`)
) ENGINE=InnoDB AUTO_INCREMENT=12 DEFAULT CHARSET=utf8mb4 COLLATE=utf8mb4_unicode_ci;

-- Volcando estructura para tabla db_inventory.menus
CREATE TABLE IF NOT EXISTS `menus` (
  `id` int unsigned NOT NULL AUTO_INCREMENT,
  `parent_id` int NOT NULL DEFAULT '0',
  `name` varchar(191) CHARACTER SET utf8mb4 COLLATE utf8mb4_unicode_ci NOT NULL,
  `icon` varchar(191) CHARACTER SET utf8mb4 COLLATE utf8mb4_unicode_ci DEFAULT NULL,
  `menu_url` varchar(191) CHARACTER SET utf8mb4 COLLATE utf8mb4_unicode_ci DEFAULT NULL,
  `status` tinyint NOT NULL DEFAULT '0',
  `created_at` timestamp NULL DEFAULT NULL,
  `updated_at` timestamp NULL DEFAULT NULL,
  PRIMARY KEY (`id`)
) ENGINE=InnoDB AUTO_INCREMENT=46 DEFAULT CHARSET=utf8mb4 COLLATE=utf8mb4_unicode_ci;


-- Volcando estructura para tabla db_inventory.customers
CREATE TABLE IF NOT EXISTS `customers` (
  `id` int unsigned NOT NULL AUTO_INCREMENT,
  `customer_name` varchar(191) CHARACTER SET utf8mb4 COLLATE utf8mb4_unicode_ci NOT NULL,
  `ci` varchar(191) CHARACTER SET utf8mb4 COLLATE utf8mb4_unicode_ci NOT NULL,
  `email` varchar(191) CHARACTER SET utf8mb4 COLLATE utf8mb4_unicode_ci DEFAULT NULL,
  `phone` varchar(191) CHARACTER SET utf8mb4 COLLATE utf8mb4_unicode_ci DEFAULT NULL,
  `address` text CHARACTER SET utf8mb4 COLLATE utf8mb4_unicode_ci,
  `created_at` timestamp NULL DEFAULT NULL,
  `updated_at` timestamp NULL DEFAULT NULL,
  PRIMARY KEY (`id`),
  UNIQUE KEY `users_email_unique` (`email`)
) ENGINE=InnoDB AUTO_INCREMENT=53 DEFAULT CHARSET=utf8mb4 COLLATE=utf8mb4_unicode_ci;


-- Volcando estructura para tabla db_inventory.users
CREATE TABLE IF NOT EXISTS `users` (
  `id` int unsigned NOT NULL AUTO_INCREMENT,
  `name` varchar(191) CHARACTER SET utf8mb4 COLLATE utf8mb4_unicode_ci NOT NULL,
  `email` varchar(191) CHARACTER SET utf8mb4 COLLATE utf8mb4_unicode_ci NOT NULL,
  `address` text CHARACTER SET utf8mb4 COLLATE utf8mb4_unicode_ci,password varchar(191) CHARACTER SET utf8mb4 COLLATE utf8mb4_unicode_ci NOT NULL,
  `branch_id` int unsigned NOT NULL DEFAULT '1',
  `role_id` int unsigned NOT NULL DEFAULT '1',
  `remember_token` varchar(100) CHARACTER SET utf8mb4 COLLATE utf8mb4_unicode_ci DEFAULT NULL,
  `created_at` timestamp NULL DEFAULT NULL,
  `updated_at` timestamp NULL DEFAULT NULL,
  PRIMARY KEY (`id`),
  UNIQUE KEY `users_email_unique` (`email`),
  KEY `branch_id` (`branch_id`),
  KEY `role_id` (`role_id`),
  CONSTRAINT `fk_users_branches` FOREIGN KEY (`branch_id`) REFERENCES `branches`(`id`) ON DELETE RESTRICT ON UPDATE CASCADE,
  CONSTRAINT `fk_users_roles` FOREIGN KEY (`role_id`) REFERENCES `roles`(`id`) ON DELETE RESTRICT ON UPDATE CASCADE
) ENGINE=InnoDB AUTO_INCREMENT=21 DEFAULT CHARSET=utf8mb4 COLLATE=utf8mb4_unicode_ci;


-- Volcando estructura para tabla db_inventory.permissions
CREATE TABLE IF NOT EXISTS `members` (
  `id` int unsigned NOT NULL AUTO_INCREMENT,
  `membresy_type` varchar(20) CHARACTER SET utf8mb4 COLLATE utf8mb4_unicode_ci NOT NULL,
  `path_ci` text CHARACTER SET utf8mb4 COLLATE utf8mb4_unicode_ci,
  `path_photo` text CHARACTER SET utf8mb4 COLLATE utf8mb4_unicode_ci,
  `path_proof_payment` text CHARACTER SET utf8mb4 COLLATE utf8mb4_unicode_ci,
  `status` tinyint NOT NULL DEFAULT '1',
  `customer_id` int unsigned NOT NULL,
  `user_id` int unsigned NOT NULL,
  `created_at` timestamp NULL DEFAULT NULL,
  `updated_at` timestamp NULL DEFAULT NULL,
  PRIMARY KEY (`id`),
  KEY `customer_id` (`customer_id`),
  KEY `user_id` (`user_id`),
  CONSTRAINT `fk_permissions_customers` FOREIGN KEY (`customer_id`) REFERENCES `customers`(`id`) ON DELETE CASCADE ON UPDATE CASCADE,
  CONSTRAINT `fk_permissions_users` FOREIGN KEY (`customer_id`) REFERENCES `users`(`id`) ON DELETE CASCADE ON UPDATE CASCADE
) ENGINE=InnoDB AUTO_INCREMENT=744 DEFAULT CHARSET=utf8mb4 COLLATE=utf8mb4_unicode_ci;

-- Volcando estructura para tabla db_inventory.permissions
CREATE TABLE IF NOT EXISTS `permissions` (
  `id` int unsigned NOT NULL AUTO_INCREMENT,
  `role_id` int unsigned NOT NULL,
  `menu_id` int unsigned NOT NULL,
  `created_at` timestamp NULL DEFAULT NULL,
  `updated_at` timestamp NULL DEFAULT NULL,
  PRIMARY KEY (`id`),
  KEY `role_id` (`role_id`),
  KEY `menu_id` (`menu_id`),
  CONSTRAINT `fk_permissions_roles` FOREIGN KEY (`role_id`) REFERENCES `roles`(`id`) ON DELETE CASCADE ON UPDATE CASCADE,
  CONSTRAINT `fk_permissions_menus` FOREIGN KEY (`menu_id`) REFERENCES `menus`(`id`) ON DELETE CASCADE ON UPDATE CASCADE
) ENGINE=InnoDB AUTO_INCREMENT=744 DEFAULT CHARSET=utf8mb4 COLLATE=utf8mb4_unicode_ci;



-- Volcando estructura para tabla db_inventory.migrations
CREATE TABLE IF NOT EXISTS `migrations` (
  `id` int unsigned NOT NULL AUTO_INCREMENT,
  `migration` varchar(191) CHARACTER SET utf8mb4 COLLATE utf8mb4_unicode_ci NOT NULL,
  `batch` int NOT NULL,
  PRIMARY KEY (`id`)
) ENGINE=InnoDB AUTO_INCREMENT=17 DEFAULT CHARSET=utf8mb4 COLLATE=utf8mb4_unicode_ci;

-- Volcando estructura para tabla db_inventory.password_resets
CREATE TABLE IF NOT EXISTS `password_resets` (
  `email` varchar(191) CHARACTER SET utf8mb4 COLLATE utf8mb4_unicode_ci NOT NULL,
  `token` varchar(191) CHARACTER SET utf8mb4 COLLATE utf8mb4_unicode_ci NOT NULL,
  `created_at` timestamp NULL DEFAULT NULL,
  KEY `password_resets_email_index` (`email`)
) ENGINE=InnoDB DEFAULT CHARSET=utf8mb4 COLLATE=utf8mb4_unicode_ci;

-- Volcando estructura para tabla db_inventory.users
-- (Ya definida anteriormente con llaves foráneas)


INSERT INTO `menus` (`id`, `parent_id`, `name`, `icon`, `menu_url`, `status`, `created_at`, `updated_at`) VALUES
	(1, 0, 'Clientes', 'contacts', 'customer.index', 0, '2020-07-29 13:17:51', '2020-07-29 13:17:56'),
	(2, 0, 'Gestión de Productos', 'category', NULL, 0, '2020-07-29 13:17:53', '2020-07-29 13:17:54'),
	(3, 0, 'Gestión de Existencias', 'assignment', NULL, 0, '2020-07-29 13:17:52', '2020-07-29 13:17:54'),
	(4, 0, 'Gestión de usuarios', 'supervised_user_circle', NULL, 0, '2020-07-29 13:17:51', '2020-07-29 13:17:56'),
	(5, 0, 'Reportes', 'receipt_long', 'report.index', 0, '2020-07-29 13:17:52', '2020-07-29 13:17:55'),
	(6, 0, 'Configuración', 'settings', NULL, 0, '2020-07-29 13:17:58', '2020-07-29 13:17:57'),
	(7, 2, 'Categorias', NULL, 'category.index', 0, '2020-07-29 13:17:50', '2020-07-29 13:17:57'),
	(8, 2, 'Productos', NULL, 'product.index', 0, '2020-07-29 13:17:49', '2020-07-29 13:17:59'),
	(9, 2, 'Proveedores', NULL, 'supplier.index', 0, '2020-07-29 13:17:49', '2020-07-29 13:18:00'),
	(10, 3, 'Entradas', NULL, 'stock.index', 0, '2020-07-29 13:17:48', '2020-07-29 13:18:00'),
	(11, 3, 'Salidas / Facturación', NULL, 'invoice.index', 0, '2020-07-29 13:17:47', '2020-07-29 13:18:01'),
	(12, 4, 'Gestión de roles', NULL, 'role.index', 0, '2020-07-29 13:17:46', '2020-07-29 13:17:46'),
	(13, 4, 'Usuarios', NULL, 'user.index', 0, '2020-07-29 13:17:44', '2020-07-29 13:17:44'),
	(14, 6, 'Información de la empresa', NULL, 'company.index', 0, '2020-07-29 13:17:43', '2020-07-29 13:17:45'),
	(15, 6, 'Cambiar la contraseña', NULL, 'password.index', 0, '2020-07-29 13:17:42', '2020-07-29 13:16:37');


INSERT INTO `migrations` (`id`, `migration`, `batch`) VALUES
	(1, '2014_10_12_000000_create_users_table', 1),
	(2, '2014_10_12_100000_create_password_resets_table', 1),
	(3, '2018_12_10_051212_create_products_table', 2),
	(4, '2018_12_10_052440_create_vendors_table', 2),
	(5, '2018_12_10_052501_create_customers_table', 2),
	(6, '2018_12_10_052521_create_stocks_table', 2),
	(7, '2018_12_10_052610_create_sells_table', 2),
	(8, '2018_12_10_052631_create_sell_details_table', 2),
	(9, '2018_12_10_075236_create_branches_table', 2),
	(10, '2018_12_31_160432_create_categories_table', 3),
	(11, '2019_01_12_163604_create_payments_table', 4),
	(12, '2019_01_19_152250_biye--tabl', 5),
	(13, '2019_02_10_113651_create_roles_table', 6),
	(14, '2019_02_10_114632_create_permissions_table', 6),
	(15, '2019_02_10_114735_create_menus_table', 6),
	(16, '2019_02_14_130126_create_companies_table', 7);

INSERT INTO `roles` (`id`, `role_name`, `created_at`, `updated_at`) VALUES
	(2, 'Superadministrador', '2019-02-12 03:59:54', '2023-04-17 04:53:28'),
	(3, 'Gerente', '2019-02-13 00:07:41', '2023-04-17 04:35:56'),
	(4, 'Vendedor', '2019-02-13 01:34:11', '2023-04-17 04:36:08'),
	(5, 'Controlador', '2019-02-13 05:53:15', '2023-04-17 04:41:36');

INSERT INTO `branches` (`id`, `branch_name`, `created_at`, `updated_at`) VALUES
	(1, 'Laboratorio Maria Irene', '2019-02-12 03:59:54', '2023-04-17 04:53:28');


INSERT INTO `permissions` (`id`, `role_id`, `menu_id`, `created_at`, `updated_at`) VALUES
	(124, 5, 1, '2019-02-23 00:54:16', '2019-02-23 00:54:16'),
	(125, 5, 2, '2019-02-23 00:54:16', '2019-02-23 00:54:16'),
	(126, 5, 3, '2019-02-23 00:54:16', '2019-02-23 00:54:16'),
	(127, 5, 4, '2019-02-23 00:54:16', '2019-02-23 00:54:16'),
	(128, 5, 5, '2019-02-23 00:54:16', '2019-02-23 00:54:16'),
	(129, 5, 6, '2019-02-23 00:54:16', '2019-02-23 00:54:16'),
	(130, 5, 9, '2019-02-23 00:54:16', '2019-02-23 00:54:16'),
	(131, 5, 8, '2019-02-23 00:54:16', '2019-02-23 00:54:16'),
	(132, 5, 7, '2019-02-23 00:54:16', '2019-02-23 00:54:16'),
	(133, 5, 10, '2019-02-23 00:54:16', '2019-02-23 00:54:16'),
	(134, 5, 11, '2019-02-23 00:54:16', '2019-02-23 00:54:16'),
	(135, 5, 12, '2019-02-23 00:54:16', '2019-02-23 00:54:16'),
	(136, 5, 15, '2019-02-23 00:54:16', '2019-02-23 00:54:16'),
	(706, 4, 11, '2020-07-31 17:30:54', '2020-07-31 17:30:54'),
	(707, 4, 2, '2020-07-31 17:30:54', '2020-07-31 17:30:54'),
	(708, 4, 4, '2020-07-31 17:30:54', '2020-07-31 17:30:54'),
	(709, 4, 15, '2020-07-31 17:30:54', '2020-07-31 17:30:54'),
	(710, 4, 6, '2020-07-31 17:30:54', '2020-07-31 17:30:54'),
	(721, 3, 1, '2020-11-17 17:03:42', '2020-11-17 17:03:42'),
	(722, 3, 9, '2020-11-17 17:03:42', '2020-11-17 17:03:42'),
	(723, 3, 8, '2020-11-17 17:03:42', '2020-11-17 17:03:42'),
	(724, 3, 7, '2020-11-17 17:03:42', '2020-11-17 17:03:42'),
	(725, 3, 2, '2020-11-17 17:03:42', '2020-11-17 17:03:42'),
	(726, 3, 10, '2020-11-17 17:03:42', '2020-11-17 17:03:42'),
	(727, 3, 11, '2020-11-17 17:03:42', '2020-11-17 17:03:42'),
	(728, 3, 3, '2020-11-17 17:03:42', '2020-11-17 17:03:42'),
	(729, 2, 1, '2021-07-05 20:00:38', '2021-07-05 20:00:38'),
	(730, 2, 9, '2021-07-05 20:00:38', '2021-07-05 20:00:38'),
	(731, 2, 8, '2021-07-05 20:00:38', '2021-07-05 20:00:38'),
	(732, 2, 7, '2021-07-05 20:00:38', '2021-07-05 20:00:38'),
	(733, 2, 2, '2021-07-05 20:00:38', '2021-07-05 20:00:38'),
	(734, 2, 10, '2021-07-05 20:00:38', '2021-07-05 20:00:38'),
	(735, 2, 11, '2021-07-05 20:00:38', '2021-07-05 20:00:38'),
	(736, 2, 3, '2021-07-05 20:00:38', '2021-07-05 20:00:38'),
	(737, 2, 12, '2021-07-05 20:00:38', '2021-07-05 20:00:38'),
	(738, 2, 13, '2021-07-05 20:00:38', '2021-07-05 20:00:38'),
	(739, 2, 4, '2021-07-05 20:00:38', '2021-07-05 20:00:38'),
	(740, 2, 5, '2021-07-05 20:00:38', '2021-07-05 20:00:38'),
	(741, 2, 14, '2021-07-05 20:00:38', '2021-07-05 20:00:38'),
	(742, 2, 15, '2021-07-05 20:00:38', '2021-07-05 20:00:38'),
	(743, 2, 6, '2021-07-05 20:00:38', '2021-07-05 20:00:38');





INSERT INTO `users` (`id`, `name`, `email`, `password`, `branch_id`, `role_id`, `remember_token`, `created_at`, `updated_at`) VALUES
	(12, 'Ivan Edson Callisaya', 'ivanedcali@gmail.com', '$2y$10$W/nqTuN0X.JaGtGBkpw01OTSL0I3aShYL9QusP8Q5kIZ2AviqQHKC', 1, 2, '6zd4CxMA9RCTnuJaxtyhByrBYJsPfV9GtAB4pJE3Ht6YTsIvQ7ETjUVO1jlv', '2020-07-31 17:27:25', '2023-04-17 05:20:18');

-- Volcando estructura para tabla db_inventory.sell_details
-- (Ya definida anteriormente con llaves foráneas)
-- Nota: No se puede agregar una llave foránea para `customer_id` debido a la discrepancia en el tipo de dato.

-- Volcando estructura para tabla db_inventory.password_resets
-- (Ya definida anteriormente, sin llaves foráneas)

-- Otros ajustes y configuraciones
/*!40103 SET TIME_ZONE=IFNULL(@OLD_TIME_ZONE, 'system') */;
/*!40101 SET SQL_MODE=IFNULL(@OLD_SQL_MODE, '') */;
/*!40014 SET FOREIGN_KEY_CHECKS=IFNULL(@OLD_FOREIGN_KEY_CHECKS, 1) */;
/*!40101 SET CHARACTER_SET_CLIENT=@OLD_CHARACTER_SET_CLIENT */;
/*!40111 SET SQL_NOTES=IFNULL(@OLD_SQL_NOTES, 1) */;